link	species	taxid	param_taxid	rank	rank_pos
https://genome.crg.es/pub/software/geneid/human.070123.param	Homo sapiens	9606	9606	species	21
https://genome.crg.es/pub/software/geneid/human.param.Feb_22_2006	Homo sapiens	9606	9606	species	21
https://genome.crg.es/pub/software/geneid/drosophila.U12.070102.param	Drosophila melanogaster	7227	7227	species	21
https://genome.crg.es/pub/software/geneid/dmelanogaster.param.Nov_13_2015	Drosophila melanogaster	7227	7227	species	21
https://genome.crg.es/pub/software/geneid/apisumGCAG.param_Jun_27_2008	Acyrthosiphon pisum	7029	7029	species	21
https://genome.crg.es/pub/software/geneid/apisum.param_Jun_26_2008	Acyrthosiphon pisum	7029	7029	species	21
https://genome.crg.es/pub/software/geneid/tetraodon.param.Apr_22_2004	Tetraodon nigroviridis	99883	99883	species	21
https://genome.crg.es/pub/software/geneid/lloa.param.Jan_27_2010	Loa loa	7209	7209	species	21
https://genome.crg.es/pub/software/geneid/celegans.param.Dec_20_2006	Caenorhabditis elegans	6239	6239	species	21
https://genome.crg.es/pub/software/geneid/cintestinalis.param_Apr_26_2006	Ciona intestinalis	7719	7719	species	21
https://genome.crg.es/pub/software/geneid/odioica.param_Nov_10_2006	Oikopleura dioica	34765	34765	species	21
https://genome.crg.es/pub/software/geneid/sjaponica.param.Sep_9_2005	Schistosoma japonicum	6182	6182	species	21
https://genome.crg.es/pub/software/geneid/dlongipes.param.Oct_18_2012	Dinoponera longipes	609292	609292	species	21
https://genome.crg.es/pub/software/geneid/nvitripennis.param.Oct_6_2008	Nasonia vitripennis	7425	7425	species	21
https://genome.crg.es/pub/software/geneid/pcanadensis.Jul_13_2012	Polistes canadensis	91411	91411	species	21
https://genome.crg.es/pub/software/geneid/poccidentalis.Feb_13_2017	Polybia occidentalis	91432	91432	species	21
https://genome.crg.es/pub/software/geneid/mcingulata.Feb_13_2017	Metapolybia cingulata	91402	91402	species	21
https://genome.crg.es/pub/software/geneid/lflavolineata.param.Nov_29_2017	Liostenogaster flavolineata	85445	85445	species	21
https://genome.crg.es/pub/software/geneid/hsaltator.param.Jun_26_2012	Harpegnathos saltator 	610380	610380	species	21
https://genome.crg.es/pub/software/geneid/cpipiens.param.Jan_23_2007	Culex pipiens	7175	7175	species	21
https://genome.crg.es/pub/software/geneid/amel.param.Jan_15_2011	Apis mellifera	7460	7460	species	21
https://genome.crg.es/pub/software/geneid/adorsata.param.Nov_6_2014	Apis dorsata	7462	7462	species	21
https://genome.crg.es/pub/software/geneid/aflorea.param.Nov_27_2014	Apis florea	7463	7463	species	21
https://genome.crg.es/pub/software/geneid/bimpatiens.param_May_24_2011	Bombus impatiens	132113	132113	species	21
https://genome.crg.es/pub/software/geneid/bterrestris.param_Jul_14_2011	Bombus terrestris	30195	30195	species	21
https://genome.crg.es/pub/software/geneid/ccedri.param.May_26_2014	Cinara cedri	506608	506608	species	21
https://genome.crg.es/pub/software/geneid/rechinopus.param.Jul_20_2016	Rhizoglyphus echinopus	370843	370843	species	21
https://genome.crg.es/pub/software/geneid/atosichella.param.Jun_25_2018	Aceria tosichella	561515	561515	species	21
https://genome.crg.es/pub/software/geneid/gbullatarudis.param.May_29_2018	Gyrodactylus bullatarudis	82660	82660	species	21
https://genome.crg.es/pub/software/geneid/dictyostelium.param.Mar_8_2006	Dictyostelium discoideum	44689	44689	species	21
https://genome.crg.es/pub/software/geneid/pmarinus.param.Feb_8_2007	Perkinsus marinus	31276	31276	species	21
https://genome.crg.es/pub/software/geneid/pvivax.param_May_31_2011	Plasmodium vivax	5855	5855	species	21
https://genome.crg.es/pub/software/geneid/plasmodium.param.Apr_22_2004	Plasmodium falciparum	5833	5833	species	21
https://genome.crg.es/pub/software/geneid/tbrucei.param.Feb_7_2006	Trypanosoma brucei	5691	5691	species	21
https://genome.crg.es/pub/software/geneid/bhominis.param.Oct_16_2008	Blastocystis hominis	12968	12968	species	21
https://genome.crg.es/pub/software/geneid/cubiquitum.param.Sep_3_2018	Cryptosporidium ubiquitum	857276	857276	species	21
https://genome.crg.es/pub/software/geneid/cparvum.param.Sep_3_2018	Cryptosporidium parvum	5807	5807	species	21
https://genome.crg.es/pub/software/geneid/ptetraurelia.param.Mar_5_2005	Paramecium tetraurelia	5888	5888	species	21
https://genome.crg.es/pub/software/geneid/tthermophila.Feb_2_2012	Tetrahymena thermophila	5911	5911	species	21
https://genome.crg.es/pub/software/geneid/taestivum.param.Feb_12_2014	Triticum aestivum	4565	4565	species	21
https://genome.crg.es/pub/software/geneid/rice.param.Aug_3_2004	Oryza sativa	4530	4530	species	21
https://genome.crg.es/pub/software/geneid/bdistachyon.param.Feb_14_2012	Brachypodium distachyon	15368	15368	species	21
https://genome.crg.es/pub/software/geneid/slycopersicum.param_Jan_16_2008	Solanum lycopersicum	4081	4081	species	21
https://genome.crg.es/pub/software/geneid/stuberosum.param.Feb_17_2011	Solanum tuberosum	4113	4113	species	21
https://genome.crg.es/pub/software/geneid/pvulgaris.param.Sep_29_2011	Phaseolus vulgaris	3885	3885	species	21
https://genome.crg.es/pub/software/geneid/cmelo.param.Jan_21_2011	Cucumis melo	3656	3656	species	21
https://genome.crg.es/pub/software/geneid/vvinifera.param.Jan_12_2007	Vitis vinifera	29760	29760	species	21
https://genome.crg.es/pub/software/geneid/arabidopsis.param.Aug_4_2004	Arabidopsis thaliana	3702	3702	species	21
https://genome.crg.es/pub/software/geneid/ccrispus.param.Mar_20_2009	Chondrus crispus	2769	2769	species	21
https://genome.crg.es/pub/software/geneid/macuminata.param.Jun_9_2010	Musa acuminata	4641	4641	species	21
https://genome.crg.es/pub/software/geneid/aspergillus.param.Mar_5_2004	Emericella nidulans	162425	162425	species	21
https://genome.crg.es/pub/software/geneid/neurospora.param.Mar_1_2004	Neurospora crassa	5141	5141	species	21
https://genome.crg.es/pub/software/geneid/cneoformans.param.Jul_10_2006	Filobasidiella neoformans	5207	5207	species	21
https://genome.crg.es/pub/software/geneid/cinereus.param.Apr_14_2004	Coprinopsis cinerea	5346	5346	species	21
https://genome.crg.es/pub/software/geneid/chaetomium.param.Mar_24_2005	Chaetomium globosum	38033	38033	species	21
https://genome.crg.es/pub/software/geneid/snodorum.param.Apr_18_2005	Stagonospora nodorum	13684	13684	species	21
https://genome.crg.es/pub/software/geneid/roryzae.param.May_12_2005	Rhizopus oryzae	64495	64495	species	21
https://genome.crg.es/pub/software/geneid/ssclerotiorum.param.Jun_7_2005	Sclerotinia sclerotiorum	5180	5180	species	21
https://genome.crg.es/pub/software/geneid/hcapsulatum.param.Oct_6_2005	Histoplasma capsulatum	5037	5037	species	21
https://genome.crg.es/pub/software/geneid/cimmitis.param.Oct_6_2005	Coccidioides immitis	5501	5501	species	21
https://genome.crg.es/pub/software/geneid/sjaponicus.param_Oct_12_2006	Schizosaccharomyces japonicus	4897	4897	species	21
https://genome.crg.es/pub/software/geneid/pinfestans.param.Nov_9_2006	Phytophthora infestans	4787	4787	species	21
https://genome.crg.es/pub/software/geneid/bdendrobatidis.param.Dec_4_2006	Batrachochytrium dendrobatidis	109871	109871	species	21
https://genome.crg.es/pub/software/geneid/pgraminis.param.Jan_26_2007	Puccinia graminis	5297	5297	species	21
https://genome.crg.es/pub/software/geneid/foxysporum.param.Feb_8_2012	Fusarium oxysporum	5507	5507	species	21
https://genome.crg.es/pub/software/geneid/pcucumerina.param.Jul_5_2013	Plectosphaerella cucumerina	40658	40658	species	21
https://genome.crg.es/pub/software/geneid/human.070123.param	Homo sapiens	9605	9606	genus	19
https://genome.crg.es/pub/software/geneid/human.param.Feb_22_2006	Homo sapiens	9605	9606	genus	19
https://genome.crg.es/pub/software/geneid/drosophila.U12.070102.param	Drosophila melanogaster	7215	7227	genus	19
https://genome.crg.es/pub/software/geneid/dmelanogaster.param.Nov_13_2015	Drosophila melanogaster	7215	7227	genus	19
https://genome.crg.es/pub/software/geneid/apisumGCAG.param_Jun_27_2008	Acyrthosiphon pisum	7028	7029	genus	19
https://genome.crg.es/pub/software/geneid/apisum.param_Jun_26_2008	Acyrthosiphon pisum	7028	7029	genus	19
https://genome.crg.es/pub/software/geneid/tetraodon.param.Apr_22_2004	Tetraodon nigroviridis	47144	99883	genus	19
https://genome.crg.es/pub/software/geneid/lloa.param.Jan_27_2010	Loa loa	7208	7209	genus	19
https://genome.crg.es/pub/software/geneid/celegans.param.Dec_20_2006	Caenorhabditis elegans	6237	6239	genus	19
https://genome.crg.es/pub/software/geneid/cintestinalis.param_Apr_26_2006	Ciona intestinalis	7718	7719	genus	19
https://genome.crg.es/pub/software/geneid/odioica.param_Nov_10_2006	Oikopleura dioica	34763	34765	genus	19
https://genome.crg.es/pub/software/geneid/sjaponica.param.Sep_9_2005	Schistosoma japonicum	6181	6182	genus	19
https://genome.crg.es/pub/software/geneid/dlongipes.param.Oct_18_2012	Dinoponera longipes	369122	609292	genus	19
https://genome.crg.es/pub/software/geneid/nvitripennis.param.Oct_6_2008	Nasonia vitripennis	7424	7425	genus	19
https://genome.crg.es/pub/software/geneid/pcanadensis.Jul_13_2012	Polistes canadensis	7456	91411	genus	19
https://genome.crg.es/pub/software/geneid/poccidentalis.Feb_13_2017	Polybia occidentalis	57065	91432	genus	19
https://genome.crg.es/pub/software/geneid/mcingulata.Feb_13_2017	Metapolybia cingulata	91388	91402	genus	19
https://genome.crg.es/pub/software/geneid/lflavolineata.param.Nov_29_2017	Liostenogaster flavolineata	76999	85445	genus	19
https://genome.crg.es/pub/software/geneid/hsaltator.param.Jun_26_2012	Harpegnathos saltator 	604375	610380	genus	19
https://genome.crg.es/pub/software/geneid/cpipiens.param.Jan_23_2007	Culex pipiens	7174	7175	genus	19
https://genome.crg.es/pub/software/geneid/amel.param.Jan_15_2011	Apis mellifera	7459	7460	genus	19
https://genome.crg.es/pub/software/geneid/adorsata.param.Nov_6_2014	Apis dorsata	7459	7462	genus	19
https://genome.crg.es/pub/software/geneid/aflorea.param.Nov_27_2014	Apis florea	7459	7463	genus	19
https://genome.crg.es/pub/software/geneid/bimpatiens.param_May_24_2011	Bombus impatiens	28641	132113	genus	19
https://genome.crg.es/pub/software/geneid/bterrestris.param_Jul_14_2011	Bombus terrestris	28641	30195	genus	19
https://genome.crg.es/pub/software/geneid/ccedri.param.May_26_2014	Cinara cedri	97051	506608	genus	19
https://genome.crg.es/pub/software/geneid/rechinopus.param.Jul_20_2016	Rhizoglyphus echinopus	150114	370843	genus	19
https://genome.crg.es/pub/software/geneid/atosichella.param.Jun_25_2018	Aceria tosichella	109362	561515	genus	19
https://genome.crg.es/pub/software/geneid/gbullatarudis.param.May_29_2018	Gyrodactylus bullatarudis	37846	82660	genus	19
https://genome.crg.es/pub/software/geneid/dictyostelium.param.Mar_8_2006	Dictyostelium discoideum	5782	44689	genus	19
https://genome.crg.es/pub/software/geneid/pmarinus.param.Feb_8_2007	Perkinsus marinus	28000	31276	genus	19
https://genome.crg.es/pub/software/geneid/pvivax.param_May_31_2011	Plasmodium vivax	5820	5855	genus	19
https://genome.crg.es/pub/software/geneid/plasmodium.param.Apr_22_2004	Plasmodium falciparum	5820	5833	genus	19
https://genome.crg.es/pub/software/geneid/tbrucei.param.Feb_7_2006	Trypanosoma brucei	5690	5691	genus	19
https://genome.crg.es/pub/software/geneid/bhominis.param.Oct_16_2008	Blastocystis hominis	12967	12968	genus	19
https://genome.crg.es/pub/software/geneid/cubiquitum.param.Sep_3_2018	Cryptosporidium ubiquitum	5806	857276	genus	19
https://genome.crg.es/pub/software/geneid/cparvum.param.Sep_3_2018	Cryptosporidium parvum	5806	5807	genus	19
https://genome.crg.es/pub/software/geneid/ptetraurelia.param.Mar_5_2005	Paramecium tetraurelia	5884	5888	genus	19
https://genome.crg.es/pub/software/geneid/tthermophila.Feb_2_2012	Tetrahymena thermophila	5890	5911	genus	19
https://genome.crg.es/pub/software/geneid/taestivum.param.Feb_12_2014	Triticum aestivum	4564	4565	genus	19
https://genome.crg.es/pub/software/geneid/rice.param.Aug_3_2004	Oryza sativa	4527	4530	genus	19
https://genome.crg.es/pub/software/geneid/bdistachyon.param.Feb_14_2012	Brachypodium distachyon	15367	15368	genus	19
https://genome.crg.es/pub/software/geneid/slycopersicum.param_Jan_16_2008	Solanum lycopersicum	4107	4081	genus	19
https://genome.crg.es/pub/software/geneid/stuberosum.param.Feb_17_2011	Solanum tuberosum	4107	4113	genus	19
https://genome.crg.es/pub/software/geneid/pvulgaris.param.Sep_29_2011	Phaseolus vulgaris	3883	3885	genus	19
https://genome.crg.es/pub/software/geneid/cmelo.param.Jan_21_2011	Cucumis melo	3655	3656	genus	19
https://genome.crg.es/pub/software/geneid/vvinifera.param.Jan_12_2007	Vitis vinifera	3603	29760	genus	19
https://genome.crg.es/pub/software/geneid/arabidopsis.param.Aug_4_2004	Arabidopsis thaliana	3701	3702	genus	19
https://genome.crg.es/pub/software/geneid/ccrispus.param.Mar_20_2009	Chondrus crispus	2768	2769	genus	19
https://genome.crg.es/pub/software/geneid/macuminata.param.Jun_9_2010	Musa acuminata	4640	4641	genus	19
https://genome.crg.es/pub/software/geneid/aspergillus.param.Mar_5_2004	Emericella nidulans	5052	162425	genus	19
https://genome.crg.es/pub/software/geneid/neurospora.param.Mar_1_2004	Neurospora crassa	5140	5141	genus	19
https://genome.crg.es/pub/software/geneid/cneoformans.param.Jul_10_2006	Filobasidiella neoformans	5206	5207	genus	19
https://genome.crg.es/pub/software/geneid/cinereus.param.Apr_14_2004	Coprinopsis cinerea	184431	5346	genus	19
https://genome.crg.es/pub/software/geneid/chaetomium.param.Mar_24_2005	Chaetomium globosum	5149	38033	genus	19
https://genome.crg.es/pub/software/geneid/snodorum.param.Apr_18_2005	Stagonospora nodorum	1351751	13684	genus	19
https://genome.crg.es/pub/software/geneid/roryzae.param.May_12_2005	Rhizopus oryzae	4842	64495	genus	19
https://genome.crg.es/pub/software/geneid/ssclerotiorum.param.Jun_7_2005	Sclerotinia sclerotiorum	5179	5180	genus	19
https://genome.crg.es/pub/software/geneid/hcapsulatum.param.Oct_6_2005	Histoplasma capsulatum	5036	5037	genus	19
https://genome.crg.es/pub/software/geneid/cimmitis.param.Oct_6_2005	Coccidioides immitis	5500	5501	genus	19
https://genome.crg.es/pub/software/geneid/sjaponicus.param_Oct_12_2006	Schizosaccharomyces japonicus	4895	4897	genus	19
https://genome.crg.es/pub/software/geneid/pinfestans.param.Nov_9_2006	Phytophthora infestans	4783	4787	genus	19
https://genome.crg.es/pub/software/geneid/bdendrobatidis.param.Dec_4_2006	Batrachochytrium dendrobatidis	100474	109871	genus	19
https://genome.crg.es/pub/software/geneid/pgraminis.param.Jan_26_2007	Puccinia graminis	5296	5297	genus	19
https://genome.crg.es/pub/software/geneid/foxysporum.param.Feb_8_2012	Fusarium oxysporum	5506	5507	genus	19
https://genome.crg.es/pub/software/geneid/pcucumerina.param.Jul_5_2013	Plectosphaerella cucumerina	40657	40658	genus	19
https://genome.crg.es/pub/software/geneid/human.070123.param	Homo sapiens	207598	9606	subfamily	17
https://genome.crg.es/pub/software/geneid/human.param.Feb_22_2006	Homo sapiens	207598	9606	subfamily	17
https://genome.crg.es/pub/software/geneid/drosophila.U12.070102.param	Drosophila melanogaster	43845	7227	subfamily	17
https://genome.crg.es/pub/software/geneid/dmelanogaster.param.Nov_13_2015	Drosophila melanogaster	43845	7227	subfamily	17
https://genome.crg.es/pub/software/geneid/apisumGCAG.param_Jun_27_2008	Acyrthosiphon pisum	133076	7029	subfamily	17
https://genome.crg.es/pub/software/geneid/apisum.param_Jun_26_2008	Acyrthosiphon pisum	133076	7029	subfamily	17
https://genome.crg.es/pub/software/geneid/celegans.param.Dec_20_2006	Caenorhabditis elegans	55885	6239	subfamily	17
https://genome.crg.es/pub/software/geneid/dlongipes.param.Oct_18_2012	Dinoponera longipes	43085	609292	subfamily	17
https://genome.crg.es/pub/software/geneid/hsaltator.param.Jun_26_2012	Harpegnathos saltator 	43085	610380	subfamily	17
https://genome.crg.es/pub/software/geneid/nvitripennis.param.Oct_6_2008	Nasonia vitripennis	272242	7425	subfamily	17
https://genome.crg.es/pub/software/geneid/pcanadensis.Jul_13_2012	Polistes canadensis	7455	91411	subfamily	17
https://genome.crg.es/pub/software/geneid/poccidentalis.Feb_13_2017	Polybia occidentalis	7455	91432	subfamily	17
https://genome.crg.es/pub/software/geneid/mcingulata.Feb_13_2017	Metapolybia cingulata	7455	91402	subfamily	17
https://genome.crg.es/pub/software/geneid/lflavolineata.param.Nov_29_2017	Liostenogaster flavolineata	76996	85445	subfamily	17
https://genome.crg.es/pub/software/geneid/cpipiens.param.Jan_23_2007	Culex pipiens	43817	7175	subfamily	17
https://genome.crg.es/pub/software/geneid/amel.param.Jan_15_2011	Apis mellifera	70987	7460	subfamily	17
https://genome.crg.es/pub/software/geneid/adorsata.param.Nov_6_2014	Apis dorsata	70987	7462	subfamily	17
https://genome.crg.es/pub/software/geneid/aflorea.param.Nov_27_2014	Apis florea	70987	7463	subfamily	17
https://genome.crg.es/pub/software/geneid/bimpatiens.param_May_24_2011	Bombus impatiens	70987	132113	subfamily	17
https://genome.crg.es/pub/software/geneid/bterrestris.param_Jul_14_2011	Bombus terrestris	70987	30195	subfamily	17
https://genome.crg.es/pub/software/geneid/ccedri.param.May_26_2014	Cinara cedri	96541	506608	subfamily	17
https://genome.crg.es/pub/software/geneid/rechinopus.param.Jul_20_2016	Rhizoglyphus echinopus	474068	370843	subfamily	17
https://genome.crg.es/pub/software/geneid/atosichella.param.Jun_25_2018	Aceria tosichella	426503	561515	subfamily	17
https://genome.crg.es/pub/software/geneid/taestivum.param.Feb_12_2014	Triticum aestivum	147368	4565	subfamily	17
https://genome.crg.es/pub/software/geneid/bdistachyon.param.Feb_14_2012	Brachypodium distachyon	147368	15368	subfamily	17
https://genome.crg.es/pub/software/geneid/rice.param.Aug_3_2004	Oryza sativa	147367	4530	subfamily	17
https://genome.crg.es/pub/software/geneid/slycopersicum.param_Jan_16_2008	Solanum lycopersicum	424551	4081	subfamily	17
https://genome.crg.es/pub/software/geneid/stuberosum.param.Feb_17_2011	Solanum tuberosum	424551	4113	subfamily	17
https://genome.crg.es/pub/software/geneid/pvulgaris.param.Sep_29_2011	Phaseolus vulgaris	3814	3885	subfamily	17
https://genome.crg.es/pub/software/geneid/human.070123.param	Homo sapiens	9604	9606	family	16
https://genome.crg.es/pub/software/geneid/human.param.Feb_22_2006	Homo sapiens	9604	9606	family	16
https://genome.crg.es/pub/software/geneid/drosophila.U12.070102.param	Drosophila melanogaster	7214	7227	family	16
https://genome.crg.es/pub/software/geneid/dmelanogaster.param.Nov_13_2015	Drosophila melanogaster	7214	7227	family	16
https://genome.crg.es/pub/software/geneid/apisumGCAG.param_Jun_27_2008	Acyrthosiphon pisum	27482	7029	family	16
https://genome.crg.es/pub/software/geneid/apisum.param_Jun_26_2008	Acyrthosiphon pisum	27482	7029	family	16
https://genome.crg.es/pub/software/geneid/ccedri.param.May_26_2014	Cinara cedri	27482	506608	family	16
https://genome.crg.es/pub/software/geneid/tetraodon.param.Apr_22_2004	Tetraodon nigroviridis	31031	99883	family	16
https://genome.crg.es/pub/software/geneid/lloa.param.Jan_27_2010	Loa loa	6296	7209	family	16
https://genome.crg.es/pub/software/geneid/celegans.param.Dec_20_2006	Caenorhabditis elegans	6243	6239	family	16
https://genome.crg.es/pub/software/geneid/cintestinalis.param_Apr_26_2006	Ciona intestinalis	7717	7719	family	16
https://genome.crg.es/pub/software/geneid/odioica.param_Nov_10_2006	Oikopleura dioica	41302	34765	family	16
https://genome.crg.es/pub/software/geneid/sjaponica.param.Sep_9_2005	Schistosoma japonicum	31245	6182	family	16
https://genome.crg.es/pub/software/geneid/dlongipes.param.Oct_18_2012	Dinoponera longipes	36668	609292	family	16
https://genome.crg.es/pub/software/geneid/hsaltator.param.Jun_26_2012	Harpegnathos saltator 	36668	610380	family	16
https://genome.crg.es/pub/software/geneid/nvitripennis.param.Oct_6_2008	Nasonia vitripennis	7423	7425	family	16
https://genome.crg.es/pub/software/geneid/pcanadensis.Jul_13_2012	Polistes canadensis	7438	91411	family	16
https://genome.crg.es/pub/software/geneid/poccidentalis.Feb_13_2017	Polybia occidentalis	7438	91432	family	16
https://genome.crg.es/pub/software/geneid/mcingulata.Feb_13_2017	Metapolybia cingulata	7438	91402	family	16
https://genome.crg.es/pub/software/geneid/lflavolineata.param.Nov_29_2017	Liostenogaster flavolineata	7438	85445	family	16
https://genome.crg.es/pub/software/geneid/cpipiens.param.Jan_23_2007	Culex pipiens	7157	7175	family	16
https://genome.crg.es/pub/software/geneid/amel.param.Jan_15_2011	Apis mellifera	7458	7460	family	16
https://genome.crg.es/pub/software/geneid/adorsata.param.Nov_6_2014	Apis dorsata	7458	7462	family	16
https://genome.crg.es/pub/software/geneid/aflorea.param.Nov_27_2014	Apis florea	7458	7463	family	16
https://genome.crg.es/pub/software/geneid/bimpatiens.param_May_24_2011	Bombus impatiens	7458	132113	family	16
https://genome.crg.es/pub/software/geneid/bterrestris.param_Jul_14_2011	Bombus terrestris	7458	30195	family	16
https://genome.crg.es/pub/software/geneid/rechinopus.param.Jul_20_2016	Rhizoglyphus echinopus	41442	370843	family	16
https://genome.crg.es/pub/software/geneid/atosichella.param.Jun_25_2018	Aceria tosichella	70320	561515	family	16
https://genome.crg.es/pub/software/geneid/gbullatarudis.param.May_29_2018	Gyrodactylus bullatarudis	37845	82660	family	16
https://genome.crg.es/pub/software/geneid/dictyostelium.param.Mar_8_2006	Dictyostelium discoideum	2058185	44689	family	16
https://genome.crg.es/pub/software/geneid/pmarinus.param.Feb_8_2007	Perkinsus marinus	27999	31276	family	16
https://genome.crg.es/pub/software/geneid/pvivax.param_May_31_2011	Plasmodium vivax	1639119	5855	family	16
https://genome.crg.es/pub/software/geneid/plasmodium.param.Apr_22_2004	Plasmodium falciparum	1639119	5833	family	16
https://genome.crg.es/pub/software/geneid/tbrucei.param.Feb_7_2006	Trypanosoma brucei	5654	5691	family	16
https://genome.crg.es/pub/software/geneid/bhominis.param.Oct_16_2008	Blastocystis hominis	2547934	12968	family	16
https://genome.crg.es/pub/software/geneid/cubiquitum.param.Sep_3_2018	Cryptosporidium ubiquitum	35082	857276	family	16
https://genome.crg.es/pub/software/geneid/cparvum.param.Sep_3_2018	Cryptosporidium parvum	35082	5807	family	16
https://genome.crg.es/pub/software/geneid/ptetraurelia.param.Mar_5_2005	Paramecium tetraurelia	340080	5888	family	16
https://genome.crg.es/pub/software/geneid/tthermophila.Feb_2_2012	Tetrahymena thermophila	291294	5911	family	16
https://genome.crg.es/pub/software/geneid/taestivum.param.Feb_12_2014	Triticum aestivum	4479	4565	family	16
https://genome.crg.es/pub/software/geneid/rice.param.Aug_3_2004	Oryza sativa	4479	4530	family	16
https://genome.crg.es/pub/software/geneid/bdistachyon.param.Feb_14_2012	Brachypodium distachyon	4479	15368	family	16
https://genome.crg.es/pub/software/geneid/solanaceae.param.Oct_10_2005	Solanaceae	4070	4070	family	16
https://genome.crg.es/pub/software/geneid/slycopersicum.param_Jan_16_2008	Solanum lycopersicum	4070	4081	family	16
https://genome.crg.es/pub/software/geneid/stuberosum.param.Feb_17_2011	Solanum tuberosum	4070	4113	family	16
https://genome.crg.es/pub/software/geneid/pvulgaris.param.Sep_29_2011	Phaseolus vulgaris	3803	3885	family	16
https://genome.crg.es/pub/software/geneid/cmelo.param.Jan_21_2011	Cucumis melo	3650	3656	family	16
https://genome.crg.es/pub/software/geneid/vvinifera.param.Jan_12_2007	Vitis vinifera	3602	29760	family	16
https://genome.crg.es/pub/software/geneid/arabidopsis.param.Aug_4_2004	Arabidopsis thaliana	3700	3702	family	16
https://genome.crg.es/pub/software/geneid/ccrispus.param.Mar_20_2009	Chondrus crispus	29217	2769	family	16
https://genome.crg.es/pub/software/geneid/macuminata.param.Jun_9_2010	Musa acuminata	4637	4641	family	16
https://genome.crg.es/pub/software/geneid/aspergillus.param.Mar_5_2004	Emericella nidulans	1131492	162425	family	16
https://genome.crg.es/pub/software/geneid/neurospora.param.Mar_1_2004	Neurospora crassa	5148	5141	family	16
https://genome.crg.es/pub/software/geneid/cneoformans.param.Jul_10_2006	Filobasidiella neoformans	1884633	5207	family	16
https://genome.crg.es/pub/software/geneid/cinereus.param.Apr_14_2004	Coprinopsis cinerea	184208	5346	family	16
https://genome.crg.es/pub/software/geneid/chaetomium.param.Mar_24_2005	Chaetomium globosum	35718	38033	family	16
https://genome.crg.es/pub/software/geneid/snodorum.param.Apr_18_2005	Stagonospora nodorum	5020	13684	family	16
https://genome.crg.es/pub/software/geneid/roryzae.param.May_12_2005	Rhizopus oryzae	1344955	64495	family	16
https://genome.crg.es/pub/software/geneid/ssclerotiorum.param.Jun_7_2005	Sclerotinia sclerotiorum	28983	5180	family	16
https://genome.crg.es/pub/software/geneid/hcapsulatum.param.Oct_6_2005	Histoplasma capsulatum	299071	5037	family	16
https://genome.crg.es/pub/software/geneid/cimmitis.param.Oct_6_2005	Coccidioides immitis	33184	5501	family	16
https://genome.crg.es/pub/software/geneid/sjaponicus.param_Oct_12_2006	Schizosaccharomyces japonicus	4894	4897	family	16
https://genome.crg.es/pub/software/geneid/pinfestans.param.Nov_9_2006	Phytophthora infestans	4777	4787	family	16
https://genome.crg.es/pub/software/geneid/pgraminis.param.Jan_26_2007	Puccinia graminis	5262	5297	family	16
https://genome.crg.es/pub/software/geneid/foxysporum.param.Feb_8_2012	Fusarium oxysporum	110618	5507	family	16
https://genome.crg.es/pub/software/geneid/pcucumerina.param.Jul_5_2013	Plectosphaerella cucumerina	1033978	40658	family	16
https://genome.crg.es/pub/software/geneid/human.070123.param	Homo sapiens	314295	9606	superfamily	15
https://genome.crg.es/pub/software/geneid/human.param.Feb_22_2006	Homo sapiens	314295	9606	superfamily	15
https://genome.crg.es/pub/software/geneid/drosophila.U12.070102.param	Drosophila melanogaster	43746	7227	superfamily	15
https://genome.crg.es/pub/software/geneid/dmelanogaster.param.Nov_13_2015	Drosophila melanogaster	43746	7227	superfamily	15
https://genome.crg.es/pub/software/geneid/apisumGCAG.param_Jun_27_2008	Acyrthosiphon pisum	33385	7029	superfamily	15
https://genome.crg.es/pub/software/geneid/apisum.param_Jun_26_2008	Acyrthosiphon pisum	33385	7029	superfamily	15
https://genome.crg.es/pub/software/geneid/ccedri.param.May_26_2014	Cinara cedri	33385	506608	superfamily	15
https://genome.crg.es/pub/software/geneid/tetraodon.param.Apr_22_2004	Tetraodon nigroviridis	32517	99883	superfamily	15
https://genome.crg.es/pub/software/geneid/lloa.param.Jan_27_2010	Loa loa	6295	7209	superfamily	15
https://genome.crg.es/pub/software/geneid/celegans.param.Dec_20_2006	Caenorhabditis elegans	55879	6239	superfamily	15
https://genome.crg.es/pub/software/geneid/sjaponica.param.Sep_9_2005	Schistosoma japonicum	31244	6182	superfamily	15
https://genome.crg.es/pub/software/geneid/dlongipes.param.Oct_18_2012	Dinoponera longipes	2153479	609292	superfamily	15
https://genome.crg.es/pub/software/geneid/hsaltator.param.Jun_26_2012	Harpegnathos saltator 	2153479	610380	superfamily	15
https://genome.crg.es/pub/software/geneid/nvitripennis.param.Oct_6_2008	Nasonia vitripennis	7422	7425	superfamily	15
https://genome.crg.es/pub/software/geneid/pcanadensis.Jul_13_2012	Polistes canadensis	34725	91411	superfamily	15
https://genome.crg.es/pub/software/geneid/poccidentalis.Feb_13_2017	Polybia occidentalis	34725	91432	superfamily	15
https://genome.crg.es/pub/software/geneid/mcingulata.Feb_13_2017	Metapolybia cingulata	34725	91402	superfamily	15
https://genome.crg.es/pub/software/geneid/lflavolineata.param.Nov_29_2017	Liostenogaster flavolineata	34725	85445	superfamily	15
https://genome.crg.es/pub/software/geneid/cpipiens.param.Jan_23_2007	Culex pipiens	41827	7175	superfamily	15
https://genome.crg.es/pub/software/geneid/amel.param.Jan_15_2011	Apis mellifera	34735	7460	superfamily	15
https://genome.crg.es/pub/software/geneid/adorsata.param.Nov_6_2014	Apis dorsata	34735	7462	superfamily	15
https://genome.crg.es/pub/software/geneid/aflorea.param.Nov_27_2014	Apis florea	34735	7463	superfamily	15
https://genome.crg.es/pub/software/geneid/bimpatiens.param_May_24_2011	Bombus impatiens	34735	132113	superfamily	15
https://genome.crg.es/pub/software/geneid/bterrestris.param_Jul_14_2011	Bombus terrestris	34735	30195	superfamily	15
https://genome.crg.es/pub/software/geneid/rechinopus.param.Jul_20_2016	Rhizoglyphus echinopus	83155	370843	superfamily	15
https://genome.crg.es/pub/software/geneid/atosichella.param.Jun_25_2018	Aceria tosichella	70332	561515	superfamily	15
https://genome.crg.es/pub/software/geneid/human.070123.param	Homo sapiens	9526	9606	parvorder	14
https://genome.crg.es/pub/software/geneid/human.param.Feb_22_2006	Homo sapiens	9526	9606	parvorder	14
https://genome.crg.es/pub/software/geneid/human.070123.param	Homo sapiens	314293	9606	infraorder	13
https://genome.crg.es/pub/software/geneid/human.param.Feb_22_2006	Homo sapiens	314293	9606	infraorder	13
https://genome.crg.es/pub/software/geneid/drosophila.U12.070102.param	Drosophila melanogaster	43733	7227	infraorder	13
https://genome.crg.es/pub/software/geneid/dmelanogaster.param.Nov_13_2015	Drosophila melanogaster	43733	7227	infraorder	13
https://genome.crg.es/pub/software/geneid/apisumGCAG.param_Jun_27_2008	Acyrthosiphon pisum	33380	7029	infraorder	13
https://genome.crg.es/pub/software/geneid/apisum.param_Jun_26_2008	Acyrthosiphon pisum	33380	7029	infraorder	13
https://genome.crg.es/pub/software/geneid/ccedri.param.May_26_2014	Cinara cedri	33380	506608	infraorder	13
https://genome.crg.es/pub/software/geneid/lloa.param.Jan_27_2010	Loa loa	2072716	7209	infraorder	13
https://genome.crg.es/pub/software/geneid/celegans.param.Dec_20_2006	Caenorhabditis elegans	2301119	6239	infraorder	13
https://genome.crg.es/pub/software/geneid/dlongipes.param.Oct_18_2012	Dinoponera longipes	7434	609292	infraorder	13
https://genome.crg.es/pub/software/geneid/pcanadensis.Jul_13_2012	Polistes canadensis	7434	91411	infraorder	13
https://genome.crg.es/pub/software/geneid/poccidentalis.Feb_13_2017	Polybia occidentalis	7434	91432	infraorder	13
https://genome.crg.es/pub/software/geneid/mcingulata.Feb_13_2017	Metapolybia cingulata	7434	91402	infraorder	13
https://genome.crg.es/pub/software/geneid/lflavolineata.param.Nov_29_2017	Liostenogaster flavolineata	7434	85445	infraorder	13
https://genome.crg.es/pub/software/geneid/hsaltator.param.Jun_26_2012	Harpegnathos saltator 	7434	610380	infraorder	13
https://genome.crg.es/pub/software/geneid/amel.param.Jan_15_2011	Apis mellifera	7434	7460	infraorder	13
https://genome.crg.es/pub/software/geneid/adorsata.param.Nov_6_2014	Apis dorsata	7434	7462	infraorder	13
https://genome.crg.es/pub/software/geneid/aflorea.param.Nov_27_2014	Apis florea	7434	7463	infraorder	13
https://genome.crg.es/pub/software/geneid/bimpatiens.param_May_24_2011	Bombus impatiens	7434	132113	infraorder	13
https://genome.crg.es/pub/software/geneid/bterrestris.param_Jul_14_2011	Bombus terrestris	7434	30195	infraorder	13
https://genome.crg.es/pub/software/geneid/nvitripennis.param.Oct_6_2008	Nasonia vitripennis	1955251	7425	infraorder	13
https://genome.crg.es/pub/software/geneid/cpipiens.param.Jan_23_2007	Culex pipiens	43786	7175	infraorder	13
https://genome.crg.es/pub/software/geneid/human.070123.param	Homo sapiens	376913	9606	suborder	12
https://genome.crg.es/pub/software/geneid/human.param.Feb_22_2006	Homo sapiens	376913	9606	suborder	12
https://genome.crg.es/pub/software/geneid/drosophila.U12.070102.param	Drosophila melanogaster	7203	7227	suborder	12
https://genome.crg.es/pub/software/geneid/dmelanogaster.param.Nov_13_2015	Drosophila melanogaster	7203	7227	suborder	12
https://genome.crg.es/pub/software/geneid/apisumGCAG.param_Jun_27_2008	Acyrthosiphon pisum	33373	7029	suborder	12
https://genome.crg.es/pub/software/geneid/apisum.param_Jun_26_2008	Acyrthosiphon pisum	33373	7029	suborder	12
https://genome.crg.es/pub/software/geneid/ccedri.param.May_26_2014	Cinara cedri	33373	506608	suborder	12
https://genome.crg.es/pub/software/geneid/tetraodon.param.Apr_22_2004	Tetraodon nigroviridis	31028	99883	suborder	12
https://genome.crg.es/pub/software/geneid/lloa.param.Jan_27_2010	Loa loa	6274	7209	suborder	12
https://genome.crg.es/pub/software/geneid/celegans.param.Dec_20_2006	Caenorhabditis elegans	2301116	6239	suborder	12
https://genome.crg.es/pub/software/geneid/dlongipes.param.Oct_18_2012	Dinoponera longipes	7400	609292	suborder	12
https://genome.crg.es/pub/software/geneid/nvitripennis.param.Oct_6_2008	Nasonia vitripennis	7400	7425	suborder	12
https://genome.crg.es/pub/software/geneid/pcanadensis.Jul_13_2012	Polistes canadensis	7400	91411	suborder	12
https://genome.crg.es/pub/software/geneid/poccidentalis.Feb_13_2017	Polybia occidentalis	7400	91432	suborder	12
https://genome.crg.es/pub/software/geneid/mcingulata.Feb_13_2017	Metapolybia cingulata	7400	91402	suborder	12
https://genome.crg.es/pub/software/geneid/lflavolineata.param.Nov_29_2017	Liostenogaster flavolineata	7400	85445	suborder	12
https://genome.crg.es/pub/software/geneid/hsaltator.param.Jun_26_2012	Harpegnathos saltator 	7400	610380	suborder	12
https://genome.crg.es/pub/software/geneid/amel.param.Jan_15_2011	Apis mellifera	7400	7460	suborder	12
https://genome.crg.es/pub/software/geneid/adorsata.param.Nov_6_2014	Apis dorsata	7400	7462	suborder	12
https://genome.crg.es/pub/software/geneid/aflorea.param.Nov_27_2014	Apis florea	7400	7463	suborder	12
https://genome.crg.es/pub/software/geneid/bimpatiens.param_May_24_2011	Bombus impatiens	7400	132113	suborder	12
https://genome.crg.es/pub/software/geneid/bterrestris.param_Jul_14_2011	Bombus terrestris	7400	30195	suborder	12
https://genome.crg.es/pub/software/geneid/cpipiens.param.Jan_23_2007	Culex pipiens	7148	7175	suborder	12
https://genome.crg.es/pub/software/geneid/rechinopus.param.Jul_20_2016	Rhizoglyphus echinopus	6951	370843	suborder	12
https://genome.crg.es/pub/software/geneid/atosichella.param.Jun_25_2018	Aceria tosichella	6947	561515	suborder	12
https://genome.crg.es/pub/software/geneid/cubiquitum.param.Sep_3_2018	Cryptosporidium ubiquitum	423054	857276	suborder	12
https://genome.crg.es/pub/software/geneid/cparvum.param.Sep_3_2018	Cryptosporidium parvum	423054	5807	suborder	12
https://genome.crg.es/pub/software/geneid/tthermophila.Feb_2_2012	Tetrahymena thermophila	37093	5911	suborder	12
https://genome.crg.es/pub/software/geneid/snodorum.param.Apr_18_2005	Stagonospora nodorum	715340	13684	suborder	12
https://genome.crg.es/pub/software/geneid/roryzae.param.May_12_2005	Rhizopus oryzae	1344963	64495	suborder	12
https://genome.crg.es/pub/software/geneid/human.070123.param	Homo sapiens	9443	9606	order	11
https://genome.crg.es/pub/software/geneid/human.param.Feb_22_2006	Homo sapiens	9443	9606	order	11
https://genome.crg.es/pub/software/geneid/drosophila.U12.070102.param	Drosophila melanogaster	7147	7227	order	11
https://genome.crg.es/pub/software/geneid/dmelanogaster.param.Nov_13_2015	Drosophila melanogaster	7147	7227	order	11
https://genome.crg.es/pub/software/geneid/cpipiens.param.Jan_23_2007	Culex pipiens	7147	7175	order	11
https://genome.crg.es/pub/software/geneid/apisumGCAG.param_Jun_27_2008	Acyrthosiphon pisum	7524	7029	order	11
https://genome.crg.es/pub/software/geneid/apisum.param_Jun_26_2008	Acyrthosiphon pisum	7524	7029	order	11
https://genome.crg.es/pub/software/geneid/ccedri.param.May_26_2014	Cinara cedri	7524	506608	order	11
https://genome.crg.es/pub/software/geneid/tetraodon.param.Apr_22_2004	Tetraodon nigroviridis	31022	99883	order	11
https://genome.crg.es/pub/software/geneid/lloa.param.Jan_27_2010	Loa loa	6236	7209	order	11
https://genome.crg.es/pub/software/geneid/celegans.param.Dec_20_2006	Caenorhabditis elegans	6236	6239	order	11
https://genome.crg.es/pub/software/geneid/cintestinalis.param_Apr_26_2006	Ciona intestinalis	7716	7719	order	11
https://genome.crg.es/pub/software/geneid/odioica.param_Nov_10_2006	Oikopleura dioica	2507557	34765	order	11
https://genome.crg.es/pub/software/geneid/sjaponica.param.Sep_9_2005	Schistosoma japonicum	6180	6182	order	11
https://genome.crg.es/pub/software/geneid/dlongipes.param.Oct_18_2012	Dinoponera longipes	7399	609292	order	11
https://genome.crg.es/pub/software/geneid/nvitripennis.param.Oct_6_2008	Nasonia vitripennis	7399	7425	order	11
https://genome.crg.es/pub/software/geneid/pcanadensis.Jul_13_2012	Polistes canadensis	7399	91411	order	11
https://genome.crg.es/pub/software/geneid/poccidentalis.Feb_13_2017	Polybia occidentalis	7399	91432	order	11
https://genome.crg.es/pub/software/geneid/mcingulata.Feb_13_2017	Metapolybia cingulata	7399	91402	order	11
https://genome.crg.es/pub/software/geneid/lflavolineata.param.Nov_29_2017	Liostenogaster flavolineata	7399	85445	order	11
https://genome.crg.es/pub/software/geneid/hsaltator.param.Jun_26_2012	Harpegnathos saltator 	7399	610380	order	11
https://genome.crg.es/pub/software/geneid/amel.param.Jan_15_2011	Apis mellifera	7399	7460	order	11
https://genome.crg.es/pub/software/geneid/adorsata.param.Nov_6_2014	Apis dorsata	7399	7462	order	11
https://genome.crg.es/pub/software/geneid/aflorea.param.Nov_27_2014	Apis florea	7399	7463	order	11
https://genome.crg.es/pub/software/geneid/bimpatiens.param_May_24_2011	Bombus impatiens	7399	132113	order	11
https://genome.crg.es/pub/software/geneid/bterrestris.param_Jul_14_2011	Bombus terrestris	7399	30195	order	11
https://genome.crg.es/pub/software/geneid/rechinopus.param.Jul_20_2016	Rhizoglyphus echinopus	83137	370843	order	11
https://genome.crg.es/pub/software/geneid/atosichella.param.Jun_25_2018	Aceria tosichella	83136	561515	order	11
https://genome.crg.es/pub/software/geneid/gbullatarudis.param.May_29_2018	Gyrodactylus bullatarudis	2486286	82660	order	11
https://genome.crg.es/pub/software/geneid/dictyostelium.param.Mar_8_2006	Dictyostelium discoideum	2058949	44689	order	11
https://genome.crg.es/pub/software/geneid/pmarinus.param.Feb_8_2007	Perkinsus marinus	27998	31276	order	11
https://genome.crg.es/pub/software/geneid/pvivax.param_May_31_2011	Plasmodium vivax	5819	5855	order	11
https://genome.crg.es/pub/software/geneid/plasmodium.param.Apr_22_2004	Plasmodium falciparum	5819	5833	order	11
https://genome.crg.es/pub/software/geneid/tbrucei.param.Feb_7_2006	Trypanosoma brucei	2704949	5691	order	11
https://genome.crg.es/pub/software/geneid/bhominis.param.Oct_16_2008	Blastocystis hominis	42740	12968	order	11
https://genome.crg.es/pub/software/geneid/cubiquitum.param.Sep_3_2018	Cryptosporidium ubiquitum	75739	857276	order	11
https://genome.crg.es/pub/software/geneid/cparvum.param.Sep_3_2018	Cryptosporidium parvum	75739	5807	order	11
https://genome.crg.es/pub/software/geneid/ptetraurelia.param.Mar_5_2005	Paramecium tetraurelia	33825	5888	order	11
https://genome.crg.es/pub/software/geneid/tthermophila.Feb_2_2012	Tetrahymena thermophila	31277	5911	order	11
https://genome.crg.es/pub/software/geneid/taestivum.param.Feb_12_2014	Triticum aestivum	38820	4565	order	11
https://genome.crg.es/pub/software/geneid/rice.param.Aug_3_2004	Oryza sativa	38820	4530	order	11
https://genome.crg.es/pub/software/geneid/bdistachyon.param.Feb_14_2012	Brachypodium distachyon	38820	15368	order	11
https://genome.crg.es/pub/software/geneid/solanaceae.param.Oct_10_2005	Solanaceae	4069	4070	order	11
https://genome.crg.es/pub/software/geneid/slycopersicum.param_Jan_16_2008	Solanum lycopersicum	4069	4081	order	11
https://genome.crg.es/pub/software/geneid/stuberosum.param.Feb_17_2011	Solanum tuberosum	4069	4113	order	11
https://genome.crg.es/pub/software/geneid/pvulgaris.param.Sep_29_2011	Phaseolus vulgaris	72025	3885	order	11
https://genome.crg.es/pub/software/geneid/cmelo.param.Jan_21_2011	Cucumis melo	71239	3656	order	11
https://genome.crg.es/pub/software/geneid/vvinifera.param.Jan_12_2007	Vitis vinifera	403667	29760	order	11
https://genome.crg.es/pub/software/geneid/arabidopsis.param.Aug_4_2004	Arabidopsis thaliana	3699	3702	order	11
https://genome.crg.es/pub/software/geneid/ccrispus.param.Mar_20_2009	Chondrus crispus	28017	2769	order	11
https://genome.crg.es/pub/software/geneid/macuminata.param.Jun_9_2010	Musa acuminata	4618	4641	order	11
https://genome.crg.es/pub/software/geneid/aspergillus.param.Mar_5_2004	Emericella nidulans	5042	162425	order	11
https://genome.crg.es/pub/software/geneid/neurospora.param.Mar_1_2004	Neurospora crassa	5139	5141	order	11
https://genome.crg.es/pub/software/geneid/chaetomium.param.Mar_24_2005	Chaetomium globosum	5139	38033	order	11
https://genome.crg.es/pub/software/geneid/cneoformans.param.Jul_10_2006	Filobasidiella neoformans	5234	5207	order	11
https://genome.crg.es/pub/software/geneid/cinereus.param.Apr_14_2004	Coprinopsis cinerea	5338	5346	order	11
https://genome.crg.es/pub/software/geneid/snodorum.param.Apr_18_2005	Stagonospora nodorum	92860	13684	order	11
https://genome.crg.es/pub/software/geneid/roryzae.param.May_12_2005	Rhizopus oryzae	4827	64495	order	11
https://genome.crg.es/pub/software/geneid/ssclerotiorum.param.Jun_7_2005	Sclerotinia sclerotiorum	5178	5180	order	11
https://genome.crg.es/pub/software/geneid/hcapsulatum.param.Oct_6_2005	Histoplasma capsulatum	33183	5037	order	11
https://genome.crg.es/pub/software/geneid/cimmitis.param.Oct_6_2005	Coccidioides immitis	33183	5501	order	11
https://genome.crg.es/pub/software/geneid/sjaponicus.param_Oct_12_2006	Schizosaccharomyces japonicus	34346	4897	order	11
https://genome.crg.es/pub/software/geneid/pinfestans.param.Nov_9_2006	Phytophthora infestans	4776	4787	order	11
https://genome.crg.es/pub/software/geneid/bdendrobatidis.param.Dec_4_2006	Batrachochytrium dendrobatidis	451442	109871	order	11
https://genome.crg.es/pub/software/geneid/pgraminis.param.Jan_26_2007	Puccinia graminis	5258	5297	order	11
https://genome.crg.es/pub/software/geneid/foxysporum.param.Feb_8_2012	Fusarium oxysporum	5125	5507	order	11
https://genome.crg.es/pub/software/geneid/pcucumerina.param.Jul_5_2013	Plectosphaerella cucumerina	1028384	40658	order	11
https://genome.crg.es/pub/software/geneid/human.070123.param	Homo sapiens	314146	9606	superorder	10
https://genome.crg.es/pub/software/geneid/human.param.Feb_22_2006	Homo sapiens	314146	9606	superorder	10
https://genome.crg.es/pub/software/geneid/rechinopus.param.Jul_20_2016	Rhizoglyphus echinopus	6946	370843	superorder	10
https://genome.crg.es/pub/software/geneid/atosichella.param.Jun_25_2018	Aceria tosichella	6946	561515	superorder	10
https://genome.crg.es/pub/software/geneid/human.070123.param	Homo sapiens	40674	9606	class	6
https://genome.crg.es/pub/software/geneid/human.param.Feb_22_2006	Homo sapiens	40674	9606	class	6
https://genome.crg.es/pub/software/geneid/drosophila.U12.070102.param	Drosophila melanogaster	50557	7227	class	6
https://genome.crg.es/pub/software/geneid/apisumGCAG.param_Jun_27_2008	Acyrthosiphon pisum	50557	7029	class	6
https://genome.crg.es/pub/software/geneid/dlongipes.param.Oct_18_2012	Dinoponera longipes	50557	609292	class	6
https://genome.crg.es/pub/software/geneid/nvitripennis.param.Oct_6_2008	Nasonia vitripennis	50557	7425	class	6
https://genome.crg.es/pub/software/geneid/pcanadensis.Jul_13_2012	Polistes canadensis	50557	91411	class	6
https://genome.crg.es/pub/software/geneid/poccidentalis.Feb_13_2017	Polybia occidentalis	50557	91432	class	6
https://genome.crg.es/pub/software/geneid/mcingulata.Feb_13_2017	Metapolybia cingulata	50557	91402	class	6
https://genome.crg.es/pub/software/geneid/lflavolineata.param.Nov_29_2017	Liostenogaster flavolineata	50557	85445	class	6
https://genome.crg.es/pub/software/geneid/hsaltator.param.Jun_26_2012	Harpegnathos saltator 	50557	610380	class	6
https://genome.crg.es/pub/software/geneid/dmelanogaster.param.Nov_13_2015	Drosophila melanogaster	50557	7227	class	6
https://genome.crg.es/pub/software/geneid/cpipiens.param.Jan_23_2007	Culex pipiens	50557	7175	class	6
https://genome.crg.es/pub/software/geneid/amel.param.Jan_15_2011	Apis mellifera	50557	7460	class	6
https://genome.crg.es/pub/software/geneid/adorsata.param.Nov_6_2014	Apis dorsata	50557	7462	class	6
https://genome.crg.es/pub/software/geneid/aflorea.param.Nov_27_2014	Apis florea	50557	7463	class	6
https://genome.crg.es/pub/software/geneid/bimpatiens.param_May_24_2011	Bombus impatiens	50557	132113	class	6
https://genome.crg.es/pub/software/geneid/bterrestris.param_Jul_14_2011	Bombus terrestris	50557	30195	class	6
https://genome.crg.es/pub/software/geneid/apisum.param_Jun_26_2008	Acyrthosiphon pisum	50557	7029	class	6
https://genome.crg.es/pub/software/geneid/ccedri.param.May_26_2014	Cinara cedri	50557	506608	class	6
https://genome.crg.es/pub/software/geneid/tetraodon.param.Apr_22_2004	Tetraodon nigroviridis	186623	99883	class	6
https://genome.crg.es/pub/software/geneid/lloa.param.Jan_27_2010	Loa loa	119089	7209	class	6
https://genome.crg.es/pub/software/geneid/celegans.param.Dec_20_2006	Caenorhabditis elegans	119089	6239	class	6
https://genome.crg.es/pub/software/geneid/cintestinalis.param_Apr_26_2006	Ciona intestinalis	7713	7719	class	6
https://genome.crg.es/pub/software/geneid/odioica.param_Nov_10_2006	Oikopleura dioica	30302	34765	class	6
https://genome.crg.es/pub/software/geneid/sjaponica.param.Sep_9_2005	Schistosoma japonicum	6178	6182	class	6
https://genome.crg.es/pub/software/geneid/rechinopus.param.Jul_20_2016	Rhizoglyphus echinopus	6854	370843	class	6
https://genome.crg.es/pub/software/geneid/atosichella.param.Jun_25_2018	Aceria tosichella	6854	561515	class	6
https://genome.crg.es/pub/software/geneid/gbullatarudis.param.May_29_2018	Gyrodactylus bullatarudis	37945	82660	class	6
https://genome.crg.es/pub/software/geneid/dictyostelium.param.Mar_8_2006	Dictyostelium discoideum	142796	44689	class	6
https://genome.crg.es/pub/software/geneid/pvivax.param_May_31_2011	Plasmodium vivax	422676	5855	class	6
https://genome.crg.es/pub/software/geneid/plasmodium.param.Apr_22_2004	Plasmodium falciparum	422676	5833	class	6
https://genome.crg.es/pub/software/geneid/tbrucei.param.Feb_7_2006	Trypanosoma brucei	5653	5691	class	6
https://genome.crg.es/pub/software/geneid/bhominis.param.Oct_16_2008	Blastocystis hominis	2683628	12968	class	6
https://genome.crg.es/pub/software/geneid/cubiquitum.param.Sep_3_2018	Cryptosporidium ubiquitum	1280412	857276	class	6
https://genome.crg.es/pub/software/geneid/cparvum.param.Sep_3_2018	Cryptosporidium parvum	1280412	5807	class	6
https://genome.crg.es/pub/software/geneid/ptetraurelia.param.Mar_5_2005	Paramecium tetraurelia	6020	5888	class	6
https://genome.crg.es/pub/software/geneid/tthermophila.Feb_2_2012	Tetrahymena thermophila	6020	5911	class	6
https://genome.crg.es/pub/software/geneid/taestivum.param.Feb_12_2014	Triticum aestivum	3398	4565	class	6
https://genome.crg.es/pub/software/geneid/rice.param.Aug_3_2004	Oryza sativa	3398	4530	class	6
https://genome.crg.es/pub/software/geneid/bdistachyon.param.Feb_14_2012	Brachypodium distachyon	3398	15368	class	6
https://genome.crg.es/pub/software/geneid/solanaceae.param.Oct_10_2005	Solanaceae	3398	4070	class	6
https://genome.crg.es/pub/software/geneid/slycopersicum.param_Jan_16_2008	Solanum lycopersicum	3398	4081	class	6
https://genome.crg.es/pub/software/geneid/stuberosum.param.Feb_17_2011	Solanum tuberosum	3398	4113	class	6
https://genome.crg.es/pub/software/geneid/pvulgaris.param.Sep_29_2011	Phaseolus vulgaris	3398	3885	class	6
https://genome.crg.es/pub/software/geneid/cmelo.param.Jan_21_2011	Cucumis melo	3398	3656	class	6
https://genome.crg.es/pub/software/geneid/vvinifera.param.Jan_12_2007	Vitis vinifera	3398	29760	class	6
https://genome.crg.es/pub/software/geneid/arabidopsis.param.Aug_4_2004	Arabidopsis thaliana	3398	3702	class	6
https://genome.crg.es/pub/software/geneid/macuminata.param.Jun_9_2010	Musa acuminata	3398	4641	class	6
https://genome.crg.es/pub/software/geneid/ccrispus.param.Mar_20_2009	Chondrus crispus	2806	2769	class	6
https://genome.crg.es/pub/software/geneid/aspergillus.param.Mar_5_2004	Emericella nidulans	147545	162425	class	6
https://genome.crg.es/pub/software/geneid/hcapsulatum.param.Oct_6_2005	Histoplasma capsulatum	147545	5037	class	6
https://genome.crg.es/pub/software/geneid/cimmitis.param.Oct_6_2005	Coccidioides immitis	147545	5501	class	6
https://genome.crg.es/pub/software/geneid/neurospora.param.Mar_1_2004	Neurospora crassa	147550	5141	class	6
https://genome.crg.es/pub/software/geneid/chaetomium.param.Mar_24_2005	Chaetomium globosum	147550	38033	class	6
https://genome.crg.es/pub/software/geneid/foxysporum.param.Feb_8_2012	Fusarium oxysporum	147550	5507	class	6
https://genome.crg.es/pub/software/geneid/pcucumerina.param.Jul_5_2013	Plectosphaerella cucumerina	147550	40658	class	6
https://genome.crg.es/pub/software/geneid/cneoformans.param.Jul_10_2006	Filobasidiella neoformans	155616	5207	class	6
https://genome.crg.es/pub/software/geneid/cinereus.param.Apr_14_2004	Coprinopsis cinerea	155619	5346	class	6
https://genome.crg.es/pub/software/geneid/snodorum.param.Apr_18_2005	Stagonospora nodorum	147541	13684	class	6
https://genome.crg.es/pub/software/geneid/roryzae.param.May_12_2005	Rhizopus oryzae	2212703	64495	class	6
https://genome.crg.es/pub/software/geneid/ssclerotiorum.param.Jun_7_2005	Sclerotinia sclerotiorum	147548	5180	class	6
https://genome.crg.es/pub/software/geneid/sjaponicus.param_Oct_12_2006	Schizosaccharomyces japonicus	147554	4897	class	6
https://genome.crg.es/pub/software/geneid/bdendrobatidis.param.Dec_4_2006	Batrachochytrium dendrobatidis	451435	109871	class	6
https://genome.crg.es/pub/software/geneid/pgraminis.param.Jan_26_2007	Puccinia graminis	162484	5297	class	6
https://genome.crg.es/pub/software/geneid/human.070123.param	Homo sapiens	8287	9606	superclass	5
https://genome.crg.es/pub/software/geneid/human.param.Feb_22_2006	Homo sapiens	8287	9606	superclass	5
https://genome.crg.es/pub/software/geneid/tetraodon.param.Apr_22_2004	Tetraodon nigroviridis	7898	99883	superclass	5
https://genome.crg.es/pub/software/geneid/human.070123.param	Homo sapiens	89593	9606	subphylum	4
https://genome.crg.es/pub/software/geneid/human.param.Feb_22_2006	Homo sapiens	89593	9606	subphylum	4
https://genome.crg.es/pub/software/geneid/tetraodon.param.Apr_22_2004	Tetraodon nigroviridis	89593	99883	subphylum	4
https://genome.crg.es/pub/software/geneid/drosophila.U12.070102.param	Drosophila melanogaster	6960	7227	subphylum	4
https://genome.crg.es/pub/software/geneid/apisumGCAG.param_Jun_27_2008	Acyrthosiphon pisum	6960	7029	subphylum	4
https://genome.crg.es/pub/software/geneid/dlongipes.param.Oct_18_2012	Dinoponera longipes	6960	609292	subphylum	4
https://genome.crg.es/pub/software/geneid/nvitripennis.param.Oct_6_2008	Nasonia vitripennis	6960	7425	subphylum	4
https://genome.crg.es/pub/software/geneid/pcanadensis.Jul_13_2012	Polistes canadensis	6960	91411	subphylum	4
https://genome.crg.es/pub/software/geneid/poccidentalis.Feb_13_2017	Polybia occidentalis	6960	91432	subphylum	4
https://genome.crg.es/pub/software/geneid/mcingulata.Feb_13_2017	Metapolybia cingulata	6960	91402	subphylum	4
https://genome.crg.es/pub/software/geneid/lflavolineata.param.Nov_29_2017	Liostenogaster flavolineata	6960	85445	subphylum	4
https://genome.crg.es/pub/software/geneid/hsaltator.param.Jun_26_2012	Harpegnathos saltator 	6960	610380	subphylum	4
https://genome.crg.es/pub/software/geneid/dmelanogaster.param.Nov_13_2015	Drosophila melanogaster	6960	7227	subphylum	4
https://genome.crg.es/pub/software/geneid/cpipiens.param.Jan_23_2007	Culex pipiens	6960	7175	subphylum	4
https://genome.crg.es/pub/software/geneid/amel.param.Jan_15_2011	Apis mellifera	6960	7460	subphylum	4
https://genome.crg.es/pub/software/geneid/adorsata.param.Nov_6_2014	Apis dorsata	6960	7462	subphylum	4
https://genome.crg.es/pub/software/geneid/aflorea.param.Nov_27_2014	Apis florea	6960	7463	subphylum	4
https://genome.crg.es/pub/software/geneid/bimpatiens.param_May_24_2011	Bombus impatiens	6960	132113	subphylum	4
https://genome.crg.es/pub/software/geneid/bterrestris.param_Jul_14_2011	Bombus terrestris	6960	30195	subphylum	4
https://genome.crg.es/pub/software/geneid/apisum.param_Jun_26_2008	Acyrthosiphon pisum	6960	7029	subphylum	4
https://genome.crg.es/pub/software/geneid/ccedri.param.May_26_2014	Cinara cedri	6960	506608	subphylum	4
https://genome.crg.es/pub/software/geneid/cintestinalis.param_Apr_26_2006	Ciona intestinalis	7712	7719	subphylum	4
https://genome.crg.es/pub/software/geneid/odioica.param_Nov_10_2006	Oikopleura dioica	7712	34765	subphylum	4
https://genome.crg.es/pub/software/geneid/rechinopus.param.Jul_20_2016	Rhizoglyphus echinopus	6843	370843	subphylum	4
https://genome.crg.es/pub/software/geneid/atosichella.param.Jun_25_2018	Aceria tosichella	6843	561515	subphylum	4
https://genome.crg.es/pub/software/geneid/ptetraurelia.param.Mar_5_2005	Paramecium tetraurelia	431838	5888	subphylum	4
https://genome.crg.es/pub/software/geneid/tthermophila.Feb_2_2012	Tetrahymena thermophila	431838	5911	subphylum	4
https://genome.crg.es/pub/software/geneid/taestivum.param.Feb_12_2014	Triticum aestivum	131221	4565	subphylum	4
https://genome.crg.es/pub/software/geneid/rice.param.Aug_3_2004	Oryza sativa	131221	4530	subphylum	4
https://genome.crg.es/pub/software/geneid/bdistachyon.param.Feb_14_2012	Brachypodium distachyon	131221	15368	subphylum	4
https://genome.crg.es/pub/software/geneid/solanaceae.param.Oct_10_2005	Solanaceae	131221	4070	subphylum	4
https://genome.crg.es/pub/software/geneid/slycopersicum.param_Jan_16_2008	Solanum lycopersicum	131221	4081	subphylum	4
https://genome.crg.es/pub/software/geneid/stuberosum.param.Feb_17_2011	Solanum tuberosum	131221	4113	subphylum	4
https://genome.crg.es/pub/software/geneid/pvulgaris.param.Sep_29_2011	Phaseolus vulgaris	131221	3885	subphylum	4
https://genome.crg.es/pub/software/geneid/cmelo.param.Jan_21_2011	Cucumis melo	131221	3656	subphylum	4
https://genome.crg.es/pub/software/geneid/vvinifera.param.Jan_12_2007	Vitis vinifera	131221	29760	subphylum	4
https://genome.crg.es/pub/software/geneid/arabidopsis.param.Aug_4_2004	Arabidopsis thaliana	131221	3702	subphylum	4
https://genome.crg.es/pub/software/geneid/macuminata.param.Jun_9_2010	Musa acuminata	131221	4641	subphylum	4
https://genome.crg.es/pub/software/geneid/aspergillus.param.Mar_5_2004	Emericella nidulans	147538	162425	subphylum	4
https://genome.crg.es/pub/software/geneid/neurospora.param.Mar_1_2004	Neurospora crassa	147538	5141	subphylum	4
https://genome.crg.es/pub/software/geneid/chaetomium.param.Mar_24_2005	Chaetomium globosum	147538	38033	subphylum	4
https://genome.crg.es/pub/software/geneid/snodorum.param.Apr_18_2005	Stagonospora nodorum	147538	13684	subphylum	4
https://genome.crg.es/pub/software/geneid/ssclerotiorum.param.Jun_7_2005	Sclerotinia sclerotiorum	147538	5180	subphylum	4
https://genome.crg.es/pub/software/geneid/hcapsulatum.param.Oct_6_2005	Histoplasma capsulatum	147538	5037	subphylum	4
https://genome.crg.es/pub/software/geneid/cimmitis.param.Oct_6_2005	Coccidioides immitis	147538	5501	subphylum	4
https://genome.crg.es/pub/software/geneid/foxysporum.param.Feb_8_2012	Fusarium oxysporum	147538	5507	subphylum	4
https://genome.crg.es/pub/software/geneid/pcucumerina.param.Jul_5_2013	Plectosphaerella cucumerina	147538	40658	subphylum	4
https://genome.crg.es/pub/software/geneid/cneoformans.param.Jul_10_2006	Filobasidiella neoformans	5302	5207	subphylum	4
https://genome.crg.es/pub/software/geneid/cinereus.param.Apr_14_2004	Coprinopsis cinerea	5302	5346	subphylum	4
https://genome.crg.es/pub/software/geneid/roryzae.param.May_12_2005	Rhizopus oryzae	451507	64495	subphylum	4
https://genome.crg.es/pub/software/geneid/sjaponicus.param_Oct_12_2006	Schizosaccharomyces japonicus	451866	4897	subphylum	4
https://genome.crg.es/pub/software/geneid/pgraminis.param.Jan_26_2007	Puccinia graminis	29000	5297	subphylum	4
https://genome.crg.es/pub/software/geneid/drosophila.U12.070102.param	Drosophila melanogaster	32341	7227	subgenus	20
https://genome.crg.es/pub/software/geneid/dmelanogaster.param.Nov_13_2015	Drosophila melanogaster	32341	7227	subgenus	20
https://genome.crg.es/pub/software/geneid/cpipiens.param.Jan_23_2007	Culex pipiens	53527	7175	subgenus	20
https://genome.crg.es/pub/software/geneid/bimpatiens.param_May_24_2011	Bombus impatiens	144703	132113	subgenus	20
https://genome.crg.es/pub/software/geneid/bterrestris.param_Jul_14_2011	Bombus terrestris	144708	30195	subgenus	20
https://genome.crg.es/pub/software/geneid/pvivax.param_May_31_2011	Plasmodium vivax	418103	5855	subgenus	20
https://genome.crg.es/pub/software/geneid/plasmodium.param.Apr_22_2004	Plasmodium falciparum	418107	5833	subgenus	20
https://genome.crg.es/pub/software/geneid/tbrucei.param.Feb_7_2006	Trypanosoma brucei	39700	5691	subgenus	20
https://genome.crg.es/pub/software/geneid/slycopersicum.param_Jan_16_2008	Solanum lycopersicum	49274	4081	subgenus	20
https://genome.crg.es/pub/software/geneid/aspergillus.param.Mar_5_2004	Emericella nidulans	2720870	162425	subgenus	20
https://genome.crg.es/pub/software/geneid/drosophila.U12.070102.param	Drosophila melanogaster	46877	7227	tribe	18
https://genome.crg.es/pub/software/geneid/dmelanogaster.param.Nov_13_2015	Drosophila melanogaster	46877	7227	tribe	18
https://genome.crg.es/pub/software/geneid/apisumGCAG.param_Jun_27_2008	Acyrthosiphon pisum	33386	7029	tribe	18
https://genome.crg.es/pub/software/geneid/apisum.param_Jun_26_2008	Acyrthosiphon pisum	33386	7029	tribe	18
https://genome.crg.es/pub/software/geneid/dlongipes.param.Oct_18_2012	Dinoponera longipes	141711	609292	tribe	18
https://genome.crg.es/pub/software/geneid/hsaltator.param.Jun_26_2012	Harpegnathos saltator 	141711	610380	tribe	18
https://genome.crg.es/pub/software/geneid/pcanadensis.Jul_13_2012	Polistes canadensis	76984	91411	tribe	18
https://genome.crg.es/pub/software/geneid/poccidentalis.Feb_13_2017	Polybia occidentalis	76992	91432	tribe	18
https://genome.crg.es/pub/software/geneid/mcingulata.Feb_13_2017	Metapolybia cingulata	76992	91402	tribe	18
https://genome.crg.es/pub/software/geneid/cpipiens.param.Jan_23_2007	Culex pipiens	53550	7175	tribe	18
https://genome.crg.es/pub/software/geneid/amel.param.Jan_15_2011	Apis mellifera	83321	7460	tribe	18
https://genome.crg.es/pub/software/geneid/adorsata.param.Nov_6_2014	Apis dorsata	83321	7462	tribe	18
https://genome.crg.es/pub/software/geneid/aflorea.param.Nov_27_2014	Apis florea	83321	7463	tribe	18
https://genome.crg.es/pub/software/geneid/bimpatiens.param_May_24_2011	Bombus impatiens	83311	132113	tribe	18
https://genome.crg.es/pub/software/geneid/bterrestris.param_Jul_14_2011	Bombus terrestris	83311	30195	tribe	18
https://genome.crg.es/pub/software/geneid/atosichella.param.Jun_25_2018	Aceria tosichella	426509	561515	tribe	18
https://genome.crg.es/pub/software/geneid/taestivum.param.Feb_12_2014	Triticum aestivum	147389	4565	tribe	18
https://genome.crg.es/pub/software/geneid/rice.param.Aug_3_2004	Oryza sativa	147380	4530	tribe	18
https://genome.crg.es/pub/software/geneid/bdistachyon.param.Feb_14_2012	Brachypodium distachyon	147385	15368	tribe	18
https://genome.crg.es/pub/software/geneid/slycopersicum.param_Jan_16_2008	Solanum lycopersicum	424574	4081	tribe	18
https://genome.crg.es/pub/software/geneid/stuberosum.param.Feb_17_2011	Solanum tuberosum	424574	4113	tribe	18
https://genome.crg.es/pub/software/geneid/pvulgaris.param.Sep_29_2011	Phaseolus vulgaris	163735	3885	tribe	18
https://genome.crg.es/pub/software/geneid/cmelo.param.Jan_21_2011	Cucumis melo	1003877	3656	tribe	18
https://genome.crg.es/pub/software/geneid/vvinifera.param.Jan_12_2007	Vitis vinifera	2304100	29760	tribe	18
https://genome.crg.es/pub/software/geneid/arabidopsis.param.Aug_4_2004	Arabidopsis thaliana	980083	3702	tribe	18
https://genome.crg.es/pub/software/geneid/drosophila.U12.070102.param	Drosophila melanogaster	33392	7227	cohort	9
https://genome.crg.es/pub/software/geneid/dlongipes.param.Oct_18_2012	Dinoponera longipes	33392	609292	cohort	9
https://genome.crg.es/pub/software/geneid/nvitripennis.param.Oct_6_2008	Nasonia vitripennis	33392	7425	cohort	9
https://genome.crg.es/pub/software/geneid/pcanadensis.Jul_13_2012	Polistes canadensis	33392	91411	cohort	9
https://genome.crg.es/pub/software/geneid/poccidentalis.Feb_13_2017	Polybia occidentalis	33392	91432	cohort	9
https://genome.crg.es/pub/software/geneid/mcingulata.Feb_13_2017	Metapolybia cingulata	33392	91402	cohort	9
https://genome.crg.es/pub/software/geneid/lflavolineata.param.Nov_29_2017	Liostenogaster flavolineata	33392	85445	cohort	9
https://genome.crg.es/pub/software/geneid/hsaltator.param.Jun_26_2012	Harpegnathos saltator 	33392	610380	cohort	9
https://genome.crg.es/pub/software/geneid/dmelanogaster.param.Nov_13_2015	Drosophila melanogaster	33392	7227	cohort	9
https://genome.crg.es/pub/software/geneid/cpipiens.param.Jan_23_2007	Culex pipiens	33392	7175	cohort	9
https://genome.crg.es/pub/software/geneid/amel.param.Jan_15_2011	Apis mellifera	33392	7460	cohort	9
https://genome.crg.es/pub/software/geneid/adorsata.param.Nov_6_2014	Apis dorsata	33392	7462	cohort	9
https://genome.crg.es/pub/software/geneid/aflorea.param.Nov_27_2014	Apis florea	33392	7463	cohort	9
https://genome.crg.es/pub/software/geneid/bimpatiens.param_May_24_2011	Bombus impatiens	33392	132113	cohort	9
https://genome.crg.es/pub/software/geneid/bterrestris.param_Jul_14_2011	Bombus terrestris	33392	30195	cohort	9
https://genome.crg.es/pub/software/geneid/apisumGCAG.param_Jun_27_2008	Acyrthosiphon pisum	33342	7029	cohort	9
https://genome.crg.es/pub/software/geneid/apisum.param_Jun_26_2008	Acyrthosiphon pisum	33342	7029	cohort	9
https://genome.crg.es/pub/software/geneid/ccedri.param.May_26_2014	Cinara cedri	33342	506608	cohort	9
https://genome.crg.es/pub/software/geneid/tetraodon.param.Apr_22_2004	Tetraodon nigroviridis	1489388	99883	cohort	9
https://genome.crg.es/pub/software/geneid/drosophila.U12.070102.param	Drosophila melanogaster	33340	7227	infraclass	8
https://genome.crg.es/pub/software/geneid/apisumGCAG.param_Jun_27_2008	Acyrthosiphon pisum	33340	7029	infraclass	8
https://genome.crg.es/pub/software/geneid/dlongipes.param.Oct_18_2012	Dinoponera longipes	33340	609292	infraclass	8
https://genome.crg.es/pub/software/geneid/nvitripennis.param.Oct_6_2008	Nasonia vitripennis	33340	7425	infraclass	8
https://genome.crg.es/pub/software/geneid/pcanadensis.Jul_13_2012	Polistes canadensis	33340	91411	infraclass	8
https://genome.crg.es/pub/software/geneid/poccidentalis.Feb_13_2017	Polybia occidentalis	33340	91432	infraclass	8
https://genome.crg.es/pub/software/geneid/mcingulata.Feb_13_2017	Metapolybia cingulata	33340	91402	infraclass	8
https://genome.crg.es/pub/software/geneid/lflavolineata.param.Nov_29_2017	Liostenogaster flavolineata	33340	85445	infraclass	8
https://genome.crg.es/pub/software/geneid/hsaltator.param.Jun_26_2012	Harpegnathos saltator 	33340	610380	infraclass	8
https://genome.crg.es/pub/software/geneid/dmelanogaster.param.Nov_13_2015	Drosophila melanogaster	33340	7227	infraclass	8
https://genome.crg.es/pub/software/geneid/cpipiens.param.Jan_23_2007	Culex pipiens	33340	7175	infraclass	8
https://genome.crg.es/pub/software/geneid/amel.param.Jan_15_2011	Apis mellifera	33340	7460	infraclass	8
https://genome.crg.es/pub/software/geneid/adorsata.param.Nov_6_2014	Apis dorsata	33340	7462	infraclass	8
https://genome.crg.es/pub/software/geneid/aflorea.param.Nov_27_2014	Apis florea	33340	7463	infraclass	8
https://genome.crg.es/pub/software/geneid/bimpatiens.param_May_24_2011	Bombus impatiens	33340	132113	infraclass	8
https://genome.crg.es/pub/software/geneid/bterrestris.param_Jul_14_2011	Bombus terrestris	33340	30195	infraclass	8
https://genome.crg.es/pub/software/geneid/apisum.param_Jun_26_2008	Acyrthosiphon pisum	33340	7029	infraclass	8
https://genome.crg.es/pub/software/geneid/ccedri.param.May_26_2014	Cinara cedri	33340	506608	infraclass	8
https://genome.crg.es/pub/software/geneid/tetraodon.param.Apr_22_2004	Tetraodon nigroviridis	32443	99883	infraclass	8
https://genome.crg.es/pub/software/geneid/drosophila.U12.070102.param	Drosophila melanogaster	7496	7227	subclass	7
https://genome.crg.es/pub/software/geneid/apisumGCAG.param_Jun_27_2008	Acyrthosiphon pisum	7496	7029	subclass	7
https://genome.crg.es/pub/software/geneid/dlongipes.param.Oct_18_2012	Dinoponera longipes	7496	609292	subclass	7
https://genome.crg.es/pub/software/geneid/nvitripennis.param.Oct_6_2008	Nasonia vitripennis	7496	7425	subclass	7
https://genome.crg.es/pub/software/geneid/pcanadensis.Jul_13_2012	Polistes canadensis	7496	91411	subclass	7
https://genome.crg.es/pub/software/geneid/poccidentalis.Feb_13_2017	Polybia occidentalis	7496	91432	subclass	7
https://genome.crg.es/pub/software/geneid/mcingulata.Feb_13_2017	Metapolybia cingulata	7496	91402	subclass	7
https://genome.crg.es/pub/software/geneid/lflavolineata.param.Nov_29_2017	Liostenogaster flavolineata	7496	85445	subclass	7
https://genome.crg.es/pub/software/geneid/hsaltator.param.Jun_26_2012	Harpegnathos saltator 	7496	610380	subclass	7
https://genome.crg.es/pub/software/geneid/dmelanogaster.param.Nov_13_2015	Drosophila melanogaster	7496	7227	subclass	7
https://genome.crg.es/pub/software/geneid/cpipiens.param.Jan_23_2007	Culex pipiens	7496	7175	subclass	7
https://genome.crg.es/pub/software/geneid/amel.param.Jan_15_2011	Apis mellifera	7496	7460	subclass	7
https://genome.crg.es/pub/software/geneid/adorsata.param.Nov_6_2014	Apis dorsata	7496	7462	subclass	7
https://genome.crg.es/pub/software/geneid/aflorea.param.Nov_27_2014	Apis florea	7496	7463	subclass	7
https://genome.crg.es/pub/software/geneid/bimpatiens.param_May_24_2011	Bombus impatiens	7496	132113	subclass	7
https://genome.crg.es/pub/software/geneid/bterrestris.param_Jul_14_2011	Bombus terrestris	7496	30195	subclass	7
https://genome.crg.es/pub/software/geneid/apisum.param_Jun_26_2008	Acyrthosiphon pisum	7496	7029	subclass	7
https://genome.crg.es/pub/software/geneid/ccedri.param.May_26_2014	Cinara cedri	7496	506608	subclass	7
https://genome.crg.es/pub/software/geneid/tetraodon.param.Apr_22_2004	Tetraodon nigroviridis	41665	99883	subclass	7
https://genome.crg.es/pub/software/geneid/sjaponica.param.Sep_9_2005	Schistosoma japonicum	6179	6182	subclass	7
https://genome.crg.es/pub/software/geneid/rechinopus.param.Jul_20_2016	Rhizoglyphus echinopus	6933	370843	subclass	7
https://genome.crg.es/pub/software/geneid/atosichella.param.Jun_25_2018	Aceria tosichella	6933	561515	subclass	7
https://genome.crg.es/pub/software/geneid/gbullatarudis.param.May_29_2018	Gyrodactylus bullatarudis	37844	82660	subclass	7
https://genome.crg.es/pub/software/geneid/tbrucei.param.Feb_7_2006	Trypanosoma brucei	2704647	5691	subclass	7
https://genome.crg.es/pub/software/geneid/cubiquitum.param.Sep_3_2018	Cryptosporidium ubiquitum	5796	857276	subclass	7
https://genome.crg.es/pub/software/geneid/cparvum.param.Sep_3_2018	Cryptosporidium parvum	5796	5807	subclass	7
https://genome.crg.es/pub/software/geneid/taestivum.param.Feb_12_2014	Triticum aestivum	1437197	4565	subclass	7
https://genome.crg.es/pub/software/geneid/rice.param.Aug_3_2004	Oryza sativa	1437197	4530	subclass	7
https://genome.crg.es/pub/software/geneid/bdistachyon.param.Feb_14_2012	Brachypodium distachyon	1437197	15368	subclass	7
https://genome.crg.es/pub/software/geneid/macuminata.param.Jun_9_2010	Musa acuminata	1437197	4641	subclass	7
https://genome.crg.es/pub/software/geneid/ccrispus.param.Mar_20_2009	Chondrus crispus	2045261	2769	subclass	7
https://genome.crg.es/pub/software/geneid/aspergillus.param.Mar_5_2004	Emericella nidulans	451871	162425	subclass	7
https://genome.crg.es/pub/software/geneid/hcapsulatum.param.Oct_6_2005	Histoplasma capsulatum	451871	5037	subclass	7
https://genome.crg.es/pub/software/geneid/cimmitis.param.Oct_6_2005	Coccidioides immitis	451871	5501	subclass	7
https://genome.crg.es/pub/software/geneid/neurospora.param.Mar_1_2004	Neurospora crassa	222544	5141	subclass	7
https://genome.crg.es/pub/software/geneid/chaetomium.param.Mar_24_2005	Chaetomium globosum	222544	38033	subclass	7
https://genome.crg.es/pub/software/geneid/cinereus.param.Apr_14_2004	Coprinopsis cinerea	452333	5346	subclass	7
https://genome.crg.es/pub/software/geneid/snodorum.param.Apr_18_2005	Stagonospora nodorum	451868	13684	subclass	7
https://genome.crg.es/pub/software/geneid/foxysporum.param.Feb_8_2012	Fusarium oxysporum	222543	5507	subclass	7
https://genome.crg.es/pub/software/geneid/pcucumerina.param.Jul_5_2013	Plectosphaerella cucumerina	222543	40658	subclass	7
